{
    "KMeans": {
        "optimal_k": 2,
        "silhouette": 0.33703027225103094,
        "ch_score": 266.27914152341805
    },
    "Agglomerative": {
        "optimal_k": 2,
        "silhouette": 0.33703027225103094,
        "ch_score": 266.27914152341805
    },
    "GMM": {
        "optimal_k": 4,
        "silhouette": 0.3091107156832122,
        "ch_score": 284.8531080233612
    }
}