{
    "KMeans": {
        "optimal_k": 7,
        "silhouette": 0.4379518471413818,
        "ch_score": 124.67658219519322
    },
    "Agglomerative": {
        "optimal_k": 7,
        "silhouette": 0.42003572732059075,
        "ch_score": 108.44208087684423
    },
    "GMM": {
        "optimal_k": 7,
        "silhouette": 0.43949889841788226,
        "ch_score": 124.31203946344387
    }
}