{
    "KMeans": {
        "optimal_k": 4,
        "silhouette": 0.15787823773075074,
        "ch_score": 739.2347799197925
    },
    "Agglomerative": {
        "optimal_k": 2,
        "silhouette": 0.15787810271473054,
        "ch_score": 763.7136847237579
    },
    "GMM": {
        "optimal_k": 2,
        "silhouette": 0.13091582534917792,
        "ch_score": 860.4057048312353
    }
}