{
    "KMeans": {
        "optimal_k": 2,
        "silhouette": 0.9984186530120664,
        "calinski_harabasz": 17644.800973999172,
        "davies_bouldin": 0.000919673213514143
    },
    "Agglomerative": {
        "optimal_k": 2,
        "silhouette": 0.9984186530120664,
        "calinski_harabasz": 17644.800973999172,
        "davies_bouldin": 0.000919673213514143
    },
    "GMM": {
        "optimal_k": 2,
        "silhouette": 0.9978848543504228,
        "calinski_harabasz": 15508.451390652916,
        "davies_bouldin": 0.4891982773528496
    }
}