{
    "0": {
        "Quantity": 0.7281237754438544,
        "UnitPrice": 0.6552401186072659,
        "Revenue": 0.6219548159379242
    },
    "1": {
        "Quantity": -0.4092140921409214,
        "UnitPrice": 2626.3747459349597,
        "Revenue": -374.64512195121955
    },
    "2": {
        "Quantity": 8622.444444444445,
        "UnitPrice": -0.18055555555555555,
        "Revenue": 8772.632142857145
    },
    "3": {
        "Quantity": -8623.111111111111,
        "UnitPrice": -0.18055555555555555,
        "Revenue": -8774.025000000001
    },
    "4": {
        "Quantity": -0.4444444444444444,
        "UnitPrice": 13530.527777777776,
        "Revenue": -2784.2678571428573
    }
}