{
    "suggested_k": 5,
    "metrics": {
        "elbow_k": 5,
        "best_silhouette_k": 2,
        "silhouette_scores": {
            "2": 0.9985958230063492,
            "3": 0.9983067712766813,
            "4": 0.9985742260754844,
            "5": 0.9983056110587406,
            "6": 0.9983066525065946,
            "7": 0.9983896373564841,
            "8": 0.9980086058548292,
            "9": 0.9952527578525885,
            "10": 0.9942444402820674
        }
    },
    "features_used": [
        "Quantity",
        "UnitPrice",
        "LineItemRevenue"
    ]
}