{
    "suggested_k": 5,
    "metrics": {
        "elbow_k": 5,
        "best_silhouette_k": 4,
        "silhouette_scores": {
            "2": 0.9982357760736155,
            "3": 0.9977207154719923,
            "4": 0.9985833600966701,
            "5": 0.9974011399668555,
            "6": 0.9976329395270475,
            "7": 0.9971771361044293,
            "8": 0.9973668159952757,
            "9": 0.9852050269943896,
            "10": 0.989542007382245
        }
    },
    "features_used": [
        "Quantity",
        "UnitPrice",
        "Revenue"
    ]
}