{
    "0": {
        "raw_means": {
            "Alcohol": -0.5713341048107126,
            "Malic_Acid": 0.04979435957696815,
            "Ash": -0.38911479512042496,
            "Ash_Alcanity": 0.13515335355578026,
            "Magnesium": -0.22959572845156367,
            "Total_Phenols": -0.10833590297050055,
            "Flavanoids": -0.06278746854117838,
            "Nonflavanoid_Phenols": 0.0925805753839497,
            "Proanthocyanins": 0.041925465838509056,
            "Color_Intensity": -0.5548098434004471,
            "Hue": 0.2559742351046699,
            "OD280": -0.004703530587647213,
            "Proline": -0.31457800511508954,
            "Flavanoid_Ratio": -0.07062724402551937,
            "Ash_Alcanity_Index": 0.3605605611530772,
            "Color_Saturation_Index": -0.5005817666408345,
            "Proanthocyanin_Flavanoid_Ratio": 0.06483459390446197
        },
        "traits": {
            "Alcohol": "Low",
            "Malic_Acid": "Average",
            "Ash": "Average",
            "Ash_Alcanity": "Average",
            "Magnesium": "Average",
            "Total_Phenols": "Average",
            "Flavanoids": "Average",
            "Nonflavanoid_Phenols": "Average",
            "Proanthocyanins": "Average",
            "Color_Intensity": "Low",
            "Hue": "Average",
            "OD280": "Average",
            "Proline": "Average",
            "Flavanoid_Ratio": "Average",
            "Ash_Alcanity_Index": "Average",
            "Color_Saturation_Index": "Low",
            "Proanthocyanin_Flavanoid_Ratio": "Average"
        }
    },
    "1": {
        "raw_means": {
            "Alcohol": 0.47223087951131243,
            "Malic_Acid": 0.06429995569339818,
            "Ash": 0.32032079254629103,
            "Ash_Alcanity": -0.5242089210827297,
            "Magnesium": 0.5047454702329595,
            "Total_Phenols": 0.45831880013951876,
            "Flavanoids": 0.5207126730146266,
            "Nonflavanoid_Phenols": -0.2681673599217031,
            "Proanthocyanins": 0.5375878220140513,
            "Color_Intensity": 0.2695566068874464,
            "Hue": 0.2994535519125683,
            "OD280": 0.2972766268746053,
            "Proline": 0.8725743964540087,
            "Flavanoid_Ratio": 0.2763138292120072,
            "Ash_Alcanity_Index": -0.7069480567073106,
            "Color_Saturation_Index": 0.12554787450286,
            "Proanthocyanin_Flavanoid_Ratio": -0.2023389208575041
        },
        "traits": {
            "Alcohol": "Average",
            "Malic_Acid": "Average",
            "Ash": "Average",
            "Ash_Alcanity": "Low",
            "Magnesium": "High",
            "Total_Phenols": "Average",
            "Flavanoids": "High",
            "Nonflavanoid_Phenols": "Average",
            "Proanthocyanins": "High",
            "Color_Intensity": "Average",
            "Hue": "Average",
            "OD280": "Average",
            "Proline": "High",
            "Flavanoid_Ratio": "Average",
            "Ash_Alcanity_Index": "Low",
            "Color_Saturation_Index": "Average",
            "Proanthocyanin_Flavanoid_Ratio": "Average"
        }
    },
    "2": {
        "raw_means": {
            "Alcohol": 0.15941416701872899,
            "Malic_Acid": 0.9888638638638638,
            "Ash": 0.2984279243272051,
            "Ash_Alcanity": 0.5598621877691644,
            "Magnesium": 0.15399610136452246,
            "Total_Phenols": -0.5521407932755451,
            "Flavanoids": -0.7610334885783986,
            "Nonflavanoid_Phenols": 0.616915422885572,
            "Proanthocyanins": -0.2833333333333336,
            "Color_Intensity": 1.4847128883917475,
            "Hue": -1.0288065843621395,
            "OD280": -0.9252497934039515,
            "Proline": -0.05117914612238656,
            "Flavanoid_Ratio": -1.0054962634997633,
            "Ash_Alcanity_Index": 0.27505599965070754,
            "Color_Saturation_Index": 2.8733683115040156,
            "Proanthocyanin_Flavanoid_Ratio": 1.51488781760944
        },
        "traits": {
            "Alcohol": "Average",
            "Malic_Acid": "High",
            "Ash": "Average",
            "Ash_Alcanity": "High",
            "Magnesium": "Average",
            "Total_Phenols": "Low",
            "Flavanoids": "Low",
            "Nonflavanoid_Phenols": "High",
            "Proanthocyanins": "Average",
            "Color_Intensity": "High",
            "Hue": "Low",
            "OD280": "Low",
            "Proline": "Average",
            "Flavanoid_Ratio": "Low",
            "Ash_Alcanity_Index": "Average",
            "Color_Saturation_Index": "High",
            "Proanthocyanin_Flavanoid_Ratio": "High"
        }
    },
    "3": {
        "raw_means": {
            "Alcohol": -0.0177439797211666,
            "Malic_Acid": 1.0777027027027026,
            "Ash": 0.12332990750256968,
            "Ash_Alcanity": 0.34883720930232553,
            "Magnesium": -0.13283208020050127,
            "Total_Phenols": -0.7454688731284477,
            "Flavanoids": -0.8644140290846876,
            "Nonflavanoid_Phenols": 0.7874911158493247,
            "Proanthocyanins": -0.900340136054422,
            "Color_Intensity": 0.1780121444550976,
            "Hue": -0.5777777777777774,
            "OD280": -0.8159953636627063,
            "Proline": -0.15121136173767752,
            "Flavanoid_Ratio": -1.1115477809674568,
            "Ash_Alcanity_Index": 0.20575740605201434,
            "Color_Saturation_Index": 0.595811400905573,
            "Proanthocyanin_Flavanoid_Ratio": 1.2377114489962846
        },
        "traits": {
            "Alcohol": "Average",
            "Malic_Acid": "High",
            "Ash": "Average",
            "Ash_Alcanity": "Average",
            "Magnesium": "Average",
            "Total_Phenols": "Low",
            "Flavanoids": "Low",
            "Nonflavanoid_Phenols": "High",
            "Proanthocyanins": "Low",
            "Color_Intensity": "Average",
            "Hue": "Low",
            "OD280": "Low",
            "Proline": "Average",
            "Flavanoid_Ratio": "Low",
            "Ash_Alcanity_Index": "Average",
            "Color_Saturation_Index": "High",
            "Proanthocyanin_Flavanoid_Ratio": "High"
        }
    }
}