{
    "suggested_k": 4,
    "metrics": {
        "elbow_k": 4,
        "best_silhouette_k": 2,
        "silhouette_scores": {
            "2": 0.3425446127134182,
            "3": 0.2807258516358673,
            "4": 0.2498132931806163,
            "5": 0.26237648195945645,
            "6": 0.22313788861164624,
            "7": 0.21651609672243705,
            "8": 0.1749764207790742,
            "9": 0.1585663079800039,
            "10": 0.1809959268507991
        }
    },
    "features_used": [
        "Alcohol",
        "Malic_Acid",
        "Ash",
        "Ash_Alcanity",
        "Magnesium",
        "Total_Phenols",
        "Flavanoids",
        "Nonflavanoid_Phenols",
        "Proanthocyanins",
        "Color_Intensity",
        "Hue",
        "OD280",
        "Proline",
        "Flavanoid_Ratio",
        "Ash_Alcanity_Index",
        "Color_Saturation_Index",
        "Proanthocyanin_Flavanoid_Ratio"
    ]
}