{
    "0": {
        "Age": 0.3189143341815098,
        "Annual Income (k$)": -0.04527867823904633,
        "Spending Score (1-100)": -0.2985581000848176,
        "Gender_Male": 0.4198473282442748,
        "weighted_spending_power": -0.18764703058236112,
        "income_absorption_rate": -0.28920244500508274,
        "age_spending_velocity": 0.6917870063289708
    },
    "1": {
        "Age": -0.5281803542673107,
        "Annual Income (k$)": -1.0190589636688505,
        "Spending Score (1-100)": 0.6933788007956806,
        "Gender_Male": 0.43478260869565216,
        "weighted_spending_power": -0.364145971611107,
        "income_absorption_rate": 4.980077232058053,
        "age_spending_velocity": -0.508022987152075
    },
    "2": {
        "Age": -0.02469135802469135,
        "Annual Income (k$)": 0.4520547945205479,
        "Spending Score (1-100)": -1.2810457516339868,
        "Gender_Male": 1.0,
        "weighted_spending_power": -1.3999428244711265,
        "income_absorption_rate": -1.7593468023422023,
        "age_spending_velocity": 34.78002275027218
    },
    "3": {
        "Age": 0.9876543209876543,
        "Annual Income (k$)": -0.6876712328767123,
        "Spending Score (1-100)": -1.1973856209150326,
        "Gender_Male": 0.6,
        "weighted_spending_power": -1.3520297312750142,
        "income_absorption_rate": -1.5120798834582936,
        "age_spending_velocity": 13.233343136729236
    },
    "4": {
        "Age": -0.16334283000949665,
        "Annual Income (k$)": 0.6859852476290832,
        "Spending Score (1-100)": 0.8399530752471929,
        "Gender_Male": 0.46153846153846156,
        "weighted_spending_power": 2.6157291345970592,
        "income_absorption_rate": 0.17986177359184938,
        "age_spending_velocity": -0.4537559303227449
    }
}